OBJECTID,DISTRICT,SAA,acres,SearchName,squarefeet,Shape_Length,Shape_Area
1,Stanton Co.,"8; 34; 37; 46-A; 106-A; 170-77-A; 312-A; 398; 411-EX-A1",275601.25545108,Stanton Co.,12074531952.0104,216659.296326315,2028895886.7962
2,Stromsburg,"2; 2-08; 194-A; 38-02-A-EX-A3",2719.79903175,Stromsburg,118474445.822955,23222.8824319636,19421396.0646322
3,Southern PPD,"7; 7-99-A-EX-A1; 7-01-A-EX-A2; 7-99-A-EX-A14; 7-A-S1; 7-A-S2; 7-A-S3; 7-A-S4; 23; 24; 24-B; 50-A; 58-A/82; 245-A-1; 245-A-2; 256-A; 273-199; 301-A; 310-A-EX-A2; 352-A; 356-A; 398; 7-71-2; 7-92; 7-99-B; 273/199; 329-00-A; 329-01-A;329-05-A; 326; 325; 300",3867362.46518,Southern PPD,96671895004.0263,1322192.5165382,15650668602.9094
4,Grand Island,"7-71; 7-92; 7-A-S2; 51-06-A; 51-06-EX-A; 51-02-A; 51-02-A-1-GENERAL; 51-02-A-AREA 1; 51-02-A-AREA-2; 51-02-B; 51-02-B-2; 51-A; 51-97; 51-97-2; 51-97-B; 90-69; 90-A; 47; 47-69",52501.37132997,Grand Island,2286959735.13348,122550.335737856,372835733.89838
5,Atlanta(Southern PPD),7-99-A-ATLANTA-EX-A12,1173.72843949,Atlanta(Southern PPD),51127610.8242305,12130.4292728809,8194757.39392597
6,Aurora(NPPD),7-A-S2,7982.07623778,Aurora(NPPD),189759173.373438,23506.7899523881,30871635.1739523
7,Butler PPD,"11; 14; 16; 16-91-A; 26; 31-A; 31-99-A; 94; 206-A; 358-A; 398; 39-A",534397.50944,Butler PPD,23199112712.9616,366898.878442138,3829572007.68058
8,Howard - Greeley Rural,"10; 21; 15; 7-A-S1; 7-A-S2; 24; 380-1977; 380-99-A; 398; 24-B",577581.87361502,Howard - Greeley Rural,25159466414.6702,335224.70655095,4150953120.33051
9,Dawson PPD,"25-A; 57-99-A; 57-310-81-2; 310-A-3; 59-B-2; 59-B-1; 93-A, 100-A; 100-17-A; 108-A; 125-A-1; 125-A-2; 125-A-3; 154-A; 153-A; 245-A-1; 245-A-2; 310-A-EX-A1; 310-A-EX-A2; 310-A-EX-A3; 41-B; 57-310-81; 57-310-74",3835359.41533,Dawson PPD,95110550664.402,1184119.129366,15521156721.0249
10,Niobrara Valley Electric Membership Corp.,"5; 22-A-EX-A1; 22-A-EX-A2; 22-A-EX-A3; 44-A; 379-B; 380-1977; 380-99-A; 390-00-A; 390-00-B; 22-A-1; 45-B; 91-74",1768336.82663,Niobrara Valley Electric Membership Corp.,77025217202.1409,735891.395167286,13197010315.0498
11,Polk Co. Rural PPD,"11; 14; 16; 16-91-A; 26; 31-99-A; 38-02-EX-A3; 38-02-EX-A4; 38-00-B-3; 38-00-B-4; 38-00-A; 38-A; 38-74; 50-A; 39-A; 40; 398",343268.75558193,Polk Co. Rural PPD,14952786993.1489,279499.567156281,2457855575.27543
12,McCook (NPPD),"27; 27-01-A; 43-1",8227.69923677,McCook (NPPD),361017527.862582,38533.3196591205,57565667.6979675
13,Cornhusker PPD,"1; 3; 9-1; 9-2; 10; 15; 28; 31-99-A; 34; 252-A-1; 252-A-3; 316-A; 380-1977; 380-99-A; 398; 8; 11; 16; 23; 252-1975; 252-1975-2; 252-1980; 252-1982-EX-A",2503880.75442,Cornhusker PPD,60755684656.4645,1004350.83585687,10132851208.402
14,Perennial PPD,"33; 6-00-A; 39-A; 40-00-A; 270-A; 304-ORIG; 304-1988; 304-99-A; 304-00-A; 351-A; 40; 58-A; 304-02-A; 304-09-A-2",713380.60528,Perennial PPD,31071608546.7164,440347.017050636,5029697670.72303
15,Twin Valleys PPD,"35; 35-99-A; 35-99-A-EX-A6; 41-B; 100-A; 256-A; 301-A; 310-A-EX-A2; 41-B-2; 273/199; 302-A",1229002.71859,Twin Valleys PPD,53680877762.0653,636901.623635358,8546248181.88476
16,Valentine,"36-00-A-EX-A1; 405; 405-00-A-EX-A3; 405-06-A; 406; 30-A; 30-6-A; 36-00-A-3; 36-00-A; 36-00-A-2; 36-A-1; 36-06-A; 238-2005; 405-00-A; 405-06-A",10969.66986552,Valentine,494869734.87274,57519.9325952966,85666537.5905499
17,Bassett(NPPD),"36-A-2; 36-A-EX-A2",1533.01443366,Bassett(NPPD),66778108.7301372,15061.256255829,11453971.6792313
18,Ainsworth (NPPD),"36; 36-A-2; 36-A-EX-A2",1915.51020767,Ainsworth (NPPD),84536549.5994288,23789.9562802912,14484354.6842082
19,Dorchester,"129-A; 364-A; 339-B; 339-1973",1893.03788635,Dorchester,82460730.3295713,14597.9762251658,13327855.8805913
20,Milford (NPPD),"128-A; 365-A; 6",788.00796326,Milford (NPPD),123902881.822584,18276.8148971491,20102465.3251109
21,Chappell,"127-A; 143-A; 277-A; 82-A",11394.25309731,Chappell,496333664.918696,69672.8440758727,81306404.1194127
22,Fairbury,"324; 339-B; 339-1973",73802.28830453,Fairbury,3214827678.54543,222859.584814201,511111046.554022
23,Richland(Loup),"16-91-A; 252-A-3; 16",1309.21714377,Richland(Loup),57619416.3169793,13181.9010160809,9536199.45144435
24,Columbus(Loup),"16-91-A; 252-1972; 252-1975; 252-1975-2; 252-1980; 252-1982-EX-A; 252-1994; 252-02-A; 252-06-A; 16; 252-A-2; 252-1980",23697.14410332,Columbus(Loup),1042406147.50948,82360.5898262648,172568242.753478
25,Southwest PPD,"42-B; 77-A; 116-A; 82-A; 114-A; 109-A; 155-A-64",1437481.62479047,Southwest PPD,62614080626.7637,599760.53208964,10022887010.8402
26,Elkhorn Rural PPD,"5; 17; 18; 19; 29; 44-A; 74-A; 106-A; 267-A; 314-A; 380-1977; 380-99-A; 390-00-A; 390-00-B; 398; 411-EX-A1; 9-1; 9-2; 20; 37; 312-A; 390-A-EX-A2",1901582.25963,Elkhorn Rural PPD,45614673968.4739,660186.605296807,7695434408.92111
27,North Central PPD,"29; 44-A; 45-B; 268-A; 314-A; 314-1974; 317-00-A; 390-00-B; 390-00-A; 411-EX-A1; 65-A; 123-A",772651.26441,North Central PPD,33655869699.2091,462179.144159717,5760616809.03892
28,Plattsmouth(NPPD),"311-B; 311-2003",8086.05580624,Plattsmouth(NPPD),352228590.919949,34899.9161606833,57550518.6821263
29,Hay Springs(NPPD),"49-82-A-2; 49-A",1734.84930875,Hay Springs(NPPD),75570035.8892364,14457.1636948386,13004242.7805904
30,Wauneta,56-A,2542.92919683,Wauneta,110769995.813927,16922.5821252192,17777954.6062462
31,High West Energy,"53-A; 55-A82-A; 77-A; 140-A",1106715.59732,High West Energy,48215533644.5169,457432.584367868,7939048373.5401
32,Kearney(NPPD),"57-310-74; 57-310-81; 57-07-A; 57-04-B; 57-04-A; 310-A-4; 310-12-A; 57-12-A; 310-13-A; 57-13-A; 57-14-A; 57-14-B",34533.23771,Kearney(NPPD),884548401.902674,63967.7366733907,139751126.186257
33,Roosevelt PPD,"70-A; 71-A; 70/71; 72-A; 140-A; 71-A; 70-A; 69-A; 134-A; 140-A; 228; 228-05-A; 255-05-A; 285-A; 308-B; 308-1979-1; 308-1979-2; 309-05-A-309-05-A; 309-B; 309-1979-1; 309-1979-2; 309-1979-3; 396; 397-1979-1; 397-1979-2; 397-1979-3",382310.3462,Roosevelt PPD,16653438680.6452,533024.730904706,2800992060.11446
34,Bridgeport,"68-B; 203; 71-A; 70-A; 111-A-EX-A1; 143-A; 308-A; 308-B",2555.07413904,Bridgeport,111299029.496748,24764.3038791551,18556181.7355015
35,Duncan(Loup),"262-A; 11; 38-02-A-EX-A3; 252-A-2",1625.34038473,Duncan(Loup),70799827.1587081,13732.4982889174,11704260.576588
36,Bartley,"66-A; 76-A; 66-12-A; 66-16-A",600.60258,Bartley,19352748.9483932,9356.93358256051,4178179.25673742
37,Pierce,"62-A; 267-A; 17; 390-00-B",3190.02283136,Pierce,138957394.534146,19551.3220052953,23551500.6279854
38,Hampton,"63-B; 320-A; 320-B; 7-A-S2",458.64068923,Hampton,19978388.422943,7312.83413209608,3251758.79293354
39,Cedar-Knox PPD,"65-A; 135-B; 314-A; 317-00-A; 390-00-A; 410-00-A; 411-EX-A1; 217-B; 317-A-1",738361.12164143,Cedar-Knox PPD,32079377714.1534,454250.260451113,5507902018.15163
40,LES,"85-07-A; 85-08-A; 85-14-A; 339-B; 339-1973",235886.04738,LES,5764273933.11761,147699.505212247,954597469.962139
41,Burr,83-A,968.49190189,Burr,42187507.2465456,10431.2445682897,6795463.45611214
42,Imperial,"82-A; 77-A; 116-A",8419.56316251,Imperial,366756171.358928,48149.8893573602,59008672.5406387
43,St. Paul,"81-A; 250-A;  325-99-A; 325-1981; 325-A",2234.28864503,St. Paul,97325613.3774383,15966.4974865742,16003369.0263546
44,Custer PPD,"5; 80-B-2; 168-A-1; 168-A-2; 168-A-3; 169; 169-A-1; 169-A-2; 168; 310-A-EX-A1; 379-B; 380-1977; 380-99-A; 80-B-1; 117-A; 125-A-3; 125-A-2; 125-A-1",4893113.2935845,Custer PPD,213144015068.541,1149485.15537185,35534437213.4547
45,Stratton,"79-A; 78-A",1051.06439847,Stratton,45784365.1973029,11966.3725121909,7289652.87190164
46,Bayard,"75-A; 71-A; 70-A; 308-A; 308-B",1412.37265076,Bayard,61522952.6672696,12824.9631677522,10286346.2323664
47,La Creek Electric,"120-A; 224-A-EX-A1; 225; 271-A; 276-A; 389-A; 49-A; 288-A",475811.83283684,La Creek Electric,20726363438.3729,335796.952435145,3576916528.13558
48,Northwest Rural PPD,"120-A; 225; 226-A; 227-A; 271-A; 244-A-EX-A1",1892861.29465285,Northwest Rural PPD,82338409610.0697,1045302.31888001,14186331031.911
49,Wheat Belt PPD,"111-A-EX-A2; 118-A; 117-A; 126-A; 53-A; 55-A; 68-B-2; 82-A; 77-A; 308-A; 308-B",1871367.35937,Wheat Belt PPD,81526319326.4644,935576.1989789,13471890729.5753
50,Highline Electric,"42-B; 77-A; 116-A; 155-A-64; 155-A; 155; 155-76; 315-B; 82-A",346593.46309,Highline Electric,15097611252.0364,359442.285727653,2433803100.72565
51,Hickman,"363-A; 339-B; 339-1973",2165.93675,Hickman,51625472.4542437,13915.0271323435,8765239.61972537
52,Loup Valleys Rural PPD,"5; 20; 25-A; 44-A; 125-A-1; 379-B; 380-A-EX-A1; 380-A-EX-A2; 380-1974; 380-1977; 380-99-A; 15; 21; 168-A-2; 168-A-3; 168",1189877.70719642,Loup Valleys Rural PPD,51831072925.4762,539068.013093292,8636941150.48325
53,Norfolk (NPPD),"390-A-EX-A3; 390-A-1987; 390-A-1993; 390-08-A; 17; 312-A; 390-A-EX-A2; 390-A-1975; 390-00-B",27111.78341,Norfolk (NPPD),649343894.204911,51915.4349519901,109717552.446165
54,Newman Grove(Loup),"390-A-1977; 9-2; 418; 17; 390-A-EX-A2; 390-A-1975",1114.80823,Newman Grove(Loup),66058112.5854699,11598.4137804081,8116416.56585958
55,Inman(NPPD),"91-A-EX-A3; 91-EX-A1-1974",1264.94386481,Inman(NPPD),55100954.7512468,12377.825490059,9392487.88338069
56,O'Neill(NPPD),"91-A-EX-A2; 91-EX-A1-1974",4559.4911991,O'Neill(NPPD),198611436.63289,25114.3508534059,33934284.4599546
57,Emmet (NPPD),"91-A-EX-A2; 91-EX-A1-1974",693.00354267,Emmet (NPPD),30187234.3186309,9080.53246916585,5160275.93434932
58,Gering,"73-97-A; 73-B; 73-92-A; 73-79; 73-77; 73-05-A; 255-A; 255-1977; 255-05-A; 396-1977; 70-A; 69-A; 228-05-A; 255-08; 308-A; 308-B; 396; 73-14-A",5072.52031,Gering,220138777.013692,29581.2839872812,37019001.8051191
59,Friend,"86-A; 207-A; 339-B; 339-1973",2702.83461895,Friend,117735476.001307,18066.2626768711,19028936.3835653
60,Prague,"87-A; 210-A; 31-1975; 14",1434.35347775,Prague,62480437.4909478,12893.3143890948,10304012.0477699
61,Valparaiso,"88-A; 205-A; 31-1975",1922.53885914,Valparaiso,83745792.7043215,14967.3694948138,13713521.1285478
62,Atkinson(NPPD),"91-A-EX-A2; 91-EX-A1-1974; 91-06-A",2645.29279254,Atkinson(NPPD),118763920.034989,20390.7334683541,20337264.0052001
63,Benkelman,"92-B; 13-A",1640.42348594,Benkelman,71456847.0476406,13591.731443764,11341280.1889672
64,Indianola,99-A,2706.09809729,Indianola,117877633.118001,16155.9963452809,18815511.2612195
65,Leigh,"98-B; 8; 252-A-3",2010.47141964,Leigh,87576135.0395365,15312.9234545888,14618540.9575359
66,Clarkson(Loup),"97-A; 8; 252-A-3",2277.84896227,Clarkson(Loup),99223100.7966621,14867.3166548536,16572444.3900669
67,Cuming Co. PPD,"96-B-1; 96-96; 34; 61-A; 96-B-2; 96-B-3; 96-00-A; 106-A; 133-A; 316-A; 316-00-A-EX5; 398; 411-EX-A1; 46-A; 260-80-A",420148.38192655,Cuming Co. PPD,18301149738.1284,311988.339756141,3073273561.82249
68,Schuyler,"1; 3; 16-91-A; 95; 16; 252-A-3",13808.10269626,Schuyler,601480953.449132,48547.5958969076,99657473.1988786
69,Nelson,"103-A; 384",1201.64771847,Nelson,52343774.6165385,11540.6401362304,8347055.44945634
70,Davenport,"102-A; 359-A; 391-A",1397.23981373,Davenport,60863766.2861143,12479.2920534571,9737536.28996506
71,Chester,"101-A; 372-A; 339-B; 339-1973",1509.70163536,Chester,65762603.2361822,12908.4107694338,10427722.5409365
72,Trenton,"115-A; 119-A",687.93674519,Trenton,29966524.6203612,9808.90572484474,4774886.94095542
73,Wakefield,"113-A; 220-A",1432.54287095,Wakefield,62401567.4584832,13015.919987603,10598837.140801
74,Giltner,"110-A; 370-A; 7-A-S2",717.33067212,Giltner,31246924.0775464,9055.46510547412,5069444.90718265
75,McCook PPD,"35-99-A; 41-B; 42-B; 109-A; 310-A-EX-A2; 41-B-2; 59-B-2; 59-B-1",1309517.07695,McCook PPD,57042563872.0529,760619.756985879,9160878944.11362
76,Belvidere,361,1132.05900273,Belvidere,49312490.158862,11690.1564012443,7876480.25673805
77,Paxton,"107-A; 315-B",1369.56789652,Paxton,59658377.5725747,13145.7390220496,9784044.45878279
78,Sidney,"105-B; 105-93; 105-79; 143-A;105-12-A",7227.30136,Sidney,305264094.712272,31824.4193250551,51641146.3408551
79,Tekamah (NPPD),"96-B-1; 96-96; 34; 61-A; 96-B-2; 96-B-3; 96-00-A; 106-A; 133-A; 316-A; 316-99; 398; 411-EX-A1; 1; 28; 185; 260-A 260-80-A; 316-99-A",5029.83143,Tekamah (NPPD),31904427.4817966,18528.1294357816,20355016.3908793
80,Northeast Nebraska PPD,"17; 18; 19; 29; 74-A; 106-A; 123-A; 217-B; 268-A; 314-A; 390-00-A; 390-00-B; 410-00-A; 411-EX-A1; 61-A; 133-A; 135-B; 123-A; 260-80-A; 264-1998; 267-A",1789833.0999,Northeast Nebraska PPD,42547480355.4596,706163.15110343,7243201423.92176
81,"Niobrara Electric Assoc., Inc.","120; 121-A; 134-A; 226-A; 227-A; 271-A",915254.56847515,"Niobrara Electric Assoc., Inc.",39868489002.7776,404461.620003661,6850416664.52002
82,Panhandle Rural Electric Membership Assoc.,"80-B-1; 117-A; 120-A; 121-A; 134-A; 226-A; 227-A; 80-B-2, 135-B; 224-A-EX-A1; 224-A-EX-A2; 225; 330-2; 330-3; 330-4; 330-6",4109478.03662,Panhandle Rural Electric Membership Assoc.,178712487564.514,1336590.80955099,30231135478.6955
83,Talmage,"132-A; 266-A",2544.88417319,Talmage,110855154.584137,23123.5734551641,17862791.7307116
84,Central City,"130-A; 369-A; 7-A-S1",6915.27563,Central City,165073623.623124,25543.362374045,27985142.1310414
85,Lodgepole,"122; 143-A",1775.23094153,Lodgepole,77329059.8132383,12903.5567816758,12690036.2607658
86,Superior,"148-A; 148; 323-A; 323-14-A; 148-A; 148-78",2868.84680256,Superior,197097558.326807,27298.6667535961,31261278.8251152
87,Shickley,"146-A; 345-A; 304-ORIG; 304-02-A",967.75468933,Shickley,42155394.2673682,10615.9103629171,6765735.19832519
88,Edgar,"145-A; 388-A",1922.57922845,Edgar,83747551.1914056,14798.0949651466,13422014.9793517
89,Walthill,"144-A; 235-A",1941.18788033,Walthill,84558144.067235,16323.0542818354,14309318.2016157
90,Elk Creek,"142-A; 311-A",233.28947333,Elk Creek,10162089.4582415,5180.78616466771,1624692.94667949
91,Beaver City,138-A,2515.42781861,Beaver City,109572035.77852,16691.481491824,17440252.71444
92,Minden,"136-A; 300-B; 300-77; 7-A-S4",3188.74231588,Minden,138901615.279611,23454.5172528785,22349780.4278933
93,Kimball,"160-B; 160-10-A",3291.03398,Kimball,136355214.276029,27755.3178746542,23586316.3903733
94,David City,"159-A; 31-1975",3554.80788848,David City,154847431.622003,20255.4398946783,25492122.9158128
95,Syracuse,"158-A; 274-A; 333-A",1925.53706051,Syracuse,83876394.3556008,14895.1392274854,13561760.8392394
96,Crete,"313-A; 378-A; 378-1974; 378-1994; 378-09-A; 339-B; 339-1973",4233.76358092,Crete,184422741.585012,27042.645091001,29785861.689396
97,Ogallala(NPPD),"315-1970; 315-1973; 315-02-A; 82-A; 315-B; 315-02-A",55498.67544062,Ogallala(NPPD),2417522302.19355,126266.851340552,395933253.662597
98,Holbrook,"152-A; 152",840.0074903,Holbrook,36590726.2775246,9928.26088046046,5852923.46718931
99,Sutton,"151-A; 394; 7-A-S3; 151-A",3987.33163559,Sutton,173688166.046248,21225.5771634905,28038365.5110878
100,Arnold,"167-A; 167-85",1781.92057585,Arnold,77620460.2842021,15982.3833036508,12844265.6978705
101,Wymore,"166-A; 366-A; 339-B; 339-1973",2965.98591527,Wymore,129198346.469267,19071.4185911317,20552647.6421577
102,Snyder,"164-A; 383-A; 252-A-3",1717.81612879,Snyder,74828070.5701203,14249.0557355368,12490297.2039123
103,Howells(Loup),"261-A; 371-A; 8; 252-A-3; 417",2515.80390006,Howells(Loup),109588417.88649,17137.4201701661,18303688.9249953
104,Ansley,161-A,1362.68768845,Ansley,59358675.7090262,16141.987283789,9782881.29062032
105,DeWitt,"377-A; 174-A; 339-B; 339-1973",1404.03478361,DeWitt,61159755.1739151,12717.3056882435,9809602.89418481
106,Seward,"193; 193-05-A; 173-A; 173-1973",7971.81028121,Seward,347252055.849631,46672.266120813,56567593.2254172
107,Holdredge,"177-A; 246-A; 257-A; 246-1970; 257-00-A-EX-A1/2/3; 7-A-S4",7850.16381755,Holdredge,341953135.892463,40077.2363293533,54918650.3108139
108,Polk,"189-A; 231; 38-02-A-EX-A3",960.13187288,Polk,41823344.3826719,10682.1673202009,6848072.60832878
109,Cozad,"52; 187-A; 187-1972",3289.3838995,Cozad,143285562.662125,21597.028673142,23308338.6001458
110,Gothenburg,"186; 93-A",3823.62217,Gothenburg,157141796.485079,25694.423151363,27151093.2181148
111,OPPD,"1; 3; 31-99-A; 95; 185; 316-A; 316-99-A; 398; 12; 14; 94; 266-A; 333-A-1983-2; 337-1; 337-2; 346",2867012.44901198,OPPD,124658120694.271,1913506.21786331,20235872427.1867
112,Burwell,184-A,1574.53661319,Burwell,68586814.8706001,14688.6771711227,11474639.0773108
113,Randolph,"183; 258-A; 317-A-2; 317-00-A",2400.48256056,Randolph,104565020.33816,18189.621432499,17820357.5966309
114,Arapahoe,"178-A; 348-A",7041.59587896,Arapahoe,306731916.487688,40568.4501542839,49062215.9103616
115,Plainview,"202-A; 202-1969; 292-A; 299-A; 314-A; 314-00-A; 29; 268-A; 314-1974; 390-00-A",1883.64261053,Plainview,82051472.1145868,15830.8866373825,13973468.7444702
116,Oxford,"201-A; 302-A",2878.98369409,Oxford,125408529.71449,18565.2693048418,20030124.9395128
117,Stuart,"91-A-EX-A2; 91-EX-A1-1974; 198-A; 198-11-A",1118.62926,Stuart,48727490.4415535,14063.8727264375,8362508.61741743
118,Spencer,"91-A-EX-A1; 91-EX-A1-1974; 197-A",1122.44250387,Spencer,48893595.4684938,12670.0398920634,8462171.9192842
119,Cambridge,195-A,1667.29144732,Cambridge,72627215.4452213,15088.8916862376,11608335.2399684
120,Gilead,"374-A; 215-A; 324; 339-B; 339-1973",805.24901014,Gilead,35076646.8815419,9501.27288487274,5584303.66755286
121,Greenwood,219-A,759.86123198,Greenwood,33099555.2651965,9332.96268576741,5400876.3450283
122,Laurel,"216; 249-A; 317-A-2; 317-00-A",1921.35606408,Laurel,83694270.1511187,16544.1612331674,14285942.3044938
123,Wilcox,"214-A; 272-A; 7-A-S4",1236.87875297,Wilcox,53878438.4793596,11801.5448597555,8633549.12797843
124,Pender,"212-A; 232-A; 234-A; 61-A; 260-A; 260-80-A",1970.44801299,Pender,85832715.4460564,16422.2640198918,14507893.293561
125,Weston,"211-A; 31-1975; 318",978.30354021,Weston,42614902.2117028,10700.9096351995,7002491.88024182
126,Bradshaw,"230-A; 248-A; 304-ORIG; 304-02-A",443.22531521,Bradshaw,19306894.7306517,7093.07141592304,3142725.15439179
127,Callaway,229-A,1443.69422648,Callaway,62887320.5054237,13922.7432239036,10364312.9805303
128,KBR RPPD,"80-B-2; 224-A-EX-A1; 224-A-EX-A2; 225; 238-A; 238-1982; 389-A; 169-A-1; 169-A-2; 36; 36-13-A",3146925.01491,KBR RPPD,136972297433.04,1015714.79238561,23464597431.027
129,Endicott,"222-A; 367-A; 324; 339-B; 339-1973",2390.80576879,Endicott,104143499.288288,16793.5970123051,16547518.1320099
130,Ord,"188-B; 221-A; 221-1982",2479.88794144,Ord,108023918.729241,20302.9705193556,17976296.2415796
131,Lexington,"57-310-74; 57-310-81; 242-A; 243-A; 243-04-A; 243-07-A; 243-11-A",9826.13911,Lexington,239807635.118806,36912.5042246797,39764993.9451525
132,Hebron,"344-A; 339-B; 339-1973",2836.20049051,Hebron,123544893.366559,17830.0824303227,19681618.6057014
133,Lyons,"236-A; 284-A",2058.02027676,Lyons,89647363.2558051,15945.3255422412,15071185.5959524
134,Fairmont,"251-A; 281-A; 304-ORIG; 304-02-A",1016.76148929,Fairmont,44290130.4735088,10808.8473250954,7155762.27599223
135,Loup River PPD,"252-06-A; 16-91-A",42.4131857,Loup River PPD (East of Columbus),1847518.36925131,2219.79570005745,305861.702900418
136,Loup River PPD,"252-06-A; 16-91-A",51.21514537,Loup River PPD (West of Richland),2230931.73248326,2524.13797001965,369339.118575452
137,Scottsbluff,"255-05-A; 308-1968; 308-1979-2; 308-1979-3; 309-1979-2; 309-1979-3; 396-1977; 396-397-1968; 397-1979-3; 413; 414; 415; 71-A; 228-05-A; 308-A; 308-B; 340-A-EX-A1; 396",14074.84508775,Scottsbluff,613100252.022522,57756.1093010864,102840668.112632
138,NPPD,"255-05-A; 70-A; 69-A; 308-A; 308-B",577.85527889,NPPD (North of Scottsbluff),25171375.9482433,8199.38752198135,4228944.0578694
139,Hemingford,"254-A; 386-1983",2494.60977817,Hemingford,108665201.937217,18665.8126363184,18487498.9114231
140,NPPD,"253-1974; 253-1981; 253-04-A; 264; 264-A; 264-1998; 280-1981;  280-04-A; 411-EXB-A12; 412; 280-1989",15308.47547445,NPPD (South of South Sioux CIty),666837191.667081,74949.5775335905,112518077.687323
141,Dakota City,"253-1974; 253-1981; 253-04-A; 280-A; 280-1989; 280-04-A; 411-EX-A12; 412; 264; 264-A; 264-1998; 208-1981",2048.92843639,Dakota City,89251322.6889598,19800.8786789187,15228464.1187061
142,Winside,259-A,148.32808134,Winside,6461171.22314792,7040.46349051651,1094350.09558955
143,Spalding,"263-A; 10; 252-A-1",2243.58539376,Spalding,97730579.7520375,15626.2094731504,16305841.0302186
144,Hildreth,"213-A; 275-A; 326-A",377.53192688,Hildreth,16445290.7347698,6491.55811293882,2633258.39930581
145,Beatrice,"278-A; 278-1973; 331; 339-B; 339-1973; 331-11-A",19604.77985,Beatrice,853984210.060691,54081.3472416256,136461007.333767
146,Hastings,"282-A; 329; 329-00-A; 329-01-A; 329-05-A; 329-08-A-EX-A1; 7-A-S3; 7-11-A; 329-12-A; 282-10-A; 329-10-A",40105.62076,Hastings,1526406033.82159,118941.986014523,246462453.53359
147,West Point,"287-A; 297-B",3096.32582078,West Point,134875952.753249,20963.5780799555,22606279.026031
148,NPPD,288-A,9478.0467876,NPPD (West of Merriman),412863718.067707,51497.9300806245,71549601.4777903
149,Wilber,"289-A; 395-A; 339-B; 339-1973",2059.62819171,Wilber,89717404.030854,15953.9744538814,14428105.9502484
150,Deshler,"291-1987; 339-B; 339-1973",1705.1113962,Deshler,74274652.4186463,13819.3100225077,11821507.7190408
151,Curtis,293-A,5798.08082173,Curtis,252564400.594502,45541.466943067,40804086.615599
152,Franklin,"294-A; 326-A",2356.72188534,Franklin,102658805.325515,17198.9394722645,16315308.5111746
153,Campbell,"296-A; 326-A",493.44597361,Campbell,21494506.6105355,7492.52261302471,3437492.27418637
154,Wisner,298,1478.0711481,Wisner,64384779.2113514,14362.3261851424,10841825.0582352
155,Sargent,306-1975,1374.76342207,Sargent,59884694.6655114,12780.7187372087,9976105.8786339
156,Midwest Electric Coop. Corp,"117-A; 126-A; 155-A-64; 155-A; 155; 155-76; 315-B; 77-A; 109-A; 108-A; 156-A; 154-A; 153-A; 315-1973; 315-02-A",2748817.64407,Midwest Electric Coop. Corp,67991528564.6084,767705.416852835,11124075818.5083
157,Burt Co. PPD,"96-B-1; 96-96; 34; 61-A; 96-B-2; 96-B-3; 96-00-A; 106-A; 133-A; 316-A; 316-99: 398; 411-EX-A1; 1; 28; 185; 260-A 260-80-A; 316-99-A",1178347.18794,Burt Co. PPD,28773286321.8875,698004.43576147,4768604428.97494
158,Wayne,322-A,4098.36063677,Wayne,178524589.337843,30404.9872554197,30292891.0447371
159,Cotesfield,"321-A; 392-A; 325-99-A; 325-1981; 325-A",263.35262658,Cotesfield,11471640.4138804,8274.32018300039,1894550.4837144
160,Sutherland,"327-A;156-A; 154-A",33014.66416092,Sutherland,1438118770.84969,95768.6470153057,236172474.175207
161,Broken Bow,"381-B; 381-1977; 381_08_A",3489.38093889,Broken Bow,151997433.698028,23596.8325896076,25139817.0905286
162,Blue Hill,382-08-A,1074.05038955,Blue Hill,46785634.9687903,11315.4912136643,7490049.39195825
163,Red Cloud,385-A,2798.11934559,Red Cloud,121886078.694104,17870.6823538665,19368708.7901452
164,Brainard,"387-B; 31-1975",968.51130245,Brainard,42188352.334709,11806.933597318,6930650.92764789
165,"Cherry-Todd Electric Coop., Inc.","30-06-A; 238-A; 238-1982; 389-A; 30-A; 224-A-EX-A1; 238-2005;276-A",515020.96903535,"Cherry-Todd Electric Coop., Inc.",22429327751.1568,575385.375928743,3883075016.63417
166,Fremont,12,28356.39220108,Fremont,1235204444.27895,78969.0865502107,204582926.955921
167,OshKosh(NPPD),"111-B-EX-A3; 143-A",1690.93802185,OshKosh(NPPD),73657260.2318949,16223.346960373,12184634.4600661
168,Lisco(NPPD),"111-A-EX-A1; 143-A",719.80565121,Lisco(NPPD),31354734.1665791,9438.7903819069,5201025.97307187
169,Broadwater(NPPD),"111-A-EX-A1; 143-A",996.93683159,Broadwater(NPPD),43426568.3840952,12961.8323334017,7224990.60641863
170,Petersburg(Loup),"252-A-1; 9-1",1623.66350299,Petersburg(Loup),70726782.1900943,13787.5633627359,11860055.8485835
171,Hartington(NPPD),"317-A-2; 317-00-A",2319.23768176,Hartington(NPPD),101025993.417444,17012.6689792347,17348117.2114715
172,Neligh,"400; 390-A-EX-A1; 390-A-1975; 390-00-B; 400-16-A",2961.09832,Neligh,125654241.019119,24941.6158190612,21812094.0823889
173,Wyrulec Company,"70-A; 71-A; 70/71; 72-A; 139-B; 140-A; 141-A; 53-A; 55-A; 71-A; 70-A; 69-A; 228; 285-A; 308-B; 309-B; 340-A-EX-A1",220243.16648004,Wyrulec Company,9593792331.87065,249650.950094561,1597539289.66771
174,NPPD,"255-05-A; 308-1968; 308-1979-2; 308-1979-3; 309-1979-2; 309-1979-3; 396-1977; 396-397-1968; 397-1979-3; 413; 414; 415; 71-A; 69-A; 228-05-A; 308-A; 308-B; 340-A-EX-A1",13123.33968,NPPD (West of Scottsbluff),572472884.150209,62491.713328179,95922175.4161842
175,Chimney Rock PPD,"68-B-2; 69-A; 72-A; 121-A; 228; 228-05-A; 255-05-A; 285-A; 308-1968; 308-1979-2; 308-1979-3; 309-1979-2; 309-1979-3; 396-1977; 396-397-1968; 397-1979-3; 413; 414; 415; 71-A; SAA-70-SAA-71; 70-A; 69-A; 308-A; 308-B; 308-05-A-309-05-A; 309-B; 340-A-EX-A1",601189.7560884,Chimney Rock PPD,25317701335.9098,526101.34124175,4243322898.74595
176,North Platte,"328-A-1; 328-A-3; 328-1969; 328-1979; 328; 328-1996; 328-00-A; 328-02-A",28314.24145208,North Platte,1233368357.65246,84040.0086465296,202235334.311801
177,Alliance,"330; 330-2; 330-3; 330-4; 330-6; 308-A",70873.42201547,Alliance,3087246262.99369,139268.407684605,521317158.861485
178,Wood River,"338; 338-A; 416; 7-A-S2",2083.60497137,Wood River,90761832.5527639,18239.3416211611,14746598.4024889
179,Tecumseh,"335-A; 335-1982; 311-A",10313.93661504,Tecumseh,449275078.950939,109305.449224082,72062840.4838506
180,Wahoo,"318; 334-A; 334-1979; 334-97-A; 14; 318-12-A; 334-10-A; 318-17-A",6948.05493,Wahoo,292587307.246382,49145.2041362499,49768426.5822378
181,Mitchell,"341-A; 71-A; 70-A; 69-A; 228-05-A; 255-05-A; 308-A; 308-B",2972.18617962,Mitchell,129468429.984263,22713.6867580781,21769163.1060917
182,Lyman,"343-A; 71-A; 70-A; 69-A; 228-05-A; 255-05-A; 308-A; 308-B",855.9130129,Lyman,37283570.8419718,10220.2832817915,6263838.30876329
183,Morrill,"340-A-EX-A1; 340-A-EX-A2; 71-A; 70-A; 69-A; 228; 228-05-A; 255-05-A; 308-A; 308-B; 309-B",23236.07183233,Morrill,1012163289.01633,87673.7671490812,170446528.038075
184,Hubbell,"337-1; 337-2; 339-99-A; 339-B; 339-1973; 376-A; 191-A",1010.73630366,Hubbell,44027673.3873276,10572.1450171836,6980844.25546536
185,Falls City,"350-A; 311-A",30320.90393012,Falls City,1320778575.19594,102166.528931975,209749383.936466
186,South Central PPD,"347; 352-A; 356-A; 7-A-S3; 270-A; 347",1123034.07819541,South Central PPD,48847233854.5185,554463.011893543,7809679972.89928
187,Mullen,354-A,882.33614051,Mullen,38434562.2806839,10850.1620250968,6482488.71209503
188,Madison(NPPD),"18-81-A; 17; 390-A-EX-A2; 390-A-1975; 390-00-B",5182.50342869,Madison(NPPD),225749849.353573,26379.7961698074,37832818.4338302
189,Battle Creek,"19-88-A; 19-90-A; 131-A; 17; 390-A-EX-A2; 390-A-1975; 390-00-B",783.34659604,Battle Creek,34122577.7235666,10598.9011682625,5747749.57970596
190,Fremont,12,7459.80696979,Fremont,324949191.604193,29787.648581427,53904530.2197562
191,Clinton(NPPD),49,176.2743447,Clinton(NPPD),7678510.45503433,5934.9791200186,1324179.23009029
192,NPPD,"120-A; 224-A-EX-A1; 225; 271-A; 276-A; 389-A; 49-A; 288-A",29116.440174,NPPD (East of Gordon),1268312133.97949,131911.61377151,219216012.680868
193,Crawford(NPPD),49-A,8095.40853875,Crawford(NPPD),352635995.948068,32801.7417343247,60685180.2031834
194,Whitney(NPPD),49-A,3179.2500012,Whitney(NPPD),138488130.052198,21631.929832397,23905728.1484202
195,Chadron(NPPD),"49-A; 49-82-A; 49_74",10839.63448365,Chadron(NPPD),586802863.116398,76130.1528058299,101396407.828867
196,NPPD,49-A,1908.02581012,NPPD (South of Chadron),83113604.2887086,17461.9796294642,14312549.225466
197,Manchester(NPPD),49-A,7186.27321909,Manchester(NPPD),313034061.423631,30567.6126995039,53781719.9931668
198,Rushville(NPPD),49-A,25011.06383923,Rushville(NPPD),1089481940.83682,117379.398801166,188504695.072567
199,Elm Creek(NPPD),"57-310-74; 57-310-81",1940.43609259,Elm Creek(NPPD),84525396.1931852,14795.9599875398,13691259.1158118
200,Gibbon(NPPD),"57-310-74; 57-310-81",1965.37751825,Gibbon(NPPD),85611844.6950161,14951.7723539809,13878018.6147222
201,Shelton(NPPD),"57-310-74; 57-310-81",2155.67543718,Shelton(NPPD),93901222.0435325,15950.460790398,15236456.5276486
202,Sterling(NPPD),311-A,1277.21157959,Sterling(NPPD),55635336.4068524,10997.1712031514,8941214.20244237
203,Ravenna(NPPD),"57-310-74; 57-310-81",2269.74474571,Ravenna(NPPD),98870081.1229138,16619.4292024583,16164090.8356962
204,Butte(NPPD),"91-A-EX-A1; 91-EX-A1-1974",2822.82233918,Butte(NPPD),122962141.09467,23999.7698601192,21318836.7614219
205,Bristow(NPPD),"91-A-EX-A1; 91-EX-A1-1974",897.90796827,Bristow(NPPD),39112871.0978926,10873.9048838453,6762870.78125531
206,Lynch(NPPD),"91-A-EX-A1; 91-EX-A1-1974",1470.26797301,Lynch(NPPD),64044872.9042159,13598.9993899904,11069512.3465779
207,Big Springs(NPPD),"111-B-EX-A3; 315-B; 82-A; 77-A",17240.85952057,Big Springs(NPPD),751011840.716143,56637.9951397981,122820459.144366
208,Lewellen(NPPD),"111-B-EX-A3; 143-A",7992.31547237,Lewellen(NPPD),348145261.976436,58527.8550615946,57472984.5668036
209,Raeville(Loup),"252-A-1; 9-1390-00-B",1060.56119262,Raeville(Loup),46198045.5504716,11224.1036744907,7756597.95978459
210,Albion(Loup),252-A-1,2872.10984097,Albion(Loup),125109104.672517,20399.3709170372,20874110.4169917
211,St. Edward(Loup),252-A-1,3804.91231253,St. Edward(Loup),165741980.333784,21824.3030706789,27553556.1509682
212,Cedar Rapids(Loup),252-A-1,2028.16451293,Cedar Rapids(Loup),88346846.1833081,16745.7370778031,14680507.5748563
213,Belgrade(Loup),252-A-1,1557.83283096,Belgrade(Loup),67423615.5969481,14695.7811991449,11173409.0383136
214,Fullerton(Loup),"252-A-1; 14-A",11332.20357,Fullerton(Loup),493630787.586653,63738.4593821307,81444170.2102536
215,Genoa(Loup),"252-A-2; 14-A",4848.69626,Genoa(Loup),211209209.282339,27135.1727663141,34960780.3820082
216,Monroe(Loup),252-A-2,1430.25762741,Monroe(Loup),62039620.9349043,13549.2681036759,10282246.8416548
217,Lindsay(Loup),252-A-2,760.4656943,Lindsay(Loup),33125885.6438067,9438.78032428063,5528542.72615604
218,Cornlea(Loup),"252-A-2; 252-14-A",1065.68224679,Cornlea(Loup),46421118.6702912,11584.7809182598,7744877.68577804
219,Humphrey(Loup),"252-A-2; 252-11-A",1446.19722,Humphrey(Loup),62996350.9622297,14573.5788501843,10511080.8474422
220,Platte Center(Loup),"252-A-2; 252-1982-EX-B",924.87400144,Platte Center(Loup),40287511.5028981,10338.3636423658,6690583.759323
221,Tarnov(Loup),"252-A-2; 252-1982-EX-B",507.38821432,Tarnov(Loup),22101830.6155746,8026.76816140348,3679128.21975356
222,Creston(Loup),"252-A-2; 8",759.40031275,Creston(Loup),41145466.3739529,10911.2385338435,6868624.73090063
223,South Sioux City,"253-1974; 253-1981; 253-04-A; 264; 264-A; 264-1998; 280-1981; 280-04-A; 411-EXB-A12; 412",5610.8872277,South Sioux City,244410247.638436,29603.9146368871,43032951.9742972
224,Geneva(NPPD),"304-ORIG; 304-02-A",3882.07693,Geneva(NPPD),172353886.632419,23108.4211626636,27231193.3874888
225,York(NPPD),"304-ORIG; 304-02-A; 304-09-A-1",12273.17833758,York(NPPD),538147807.847316,49572.5762304202,87554146.8647092
226,Grant,315-B,2516.75458454,Grant,109629829.702638,16877.4945156129,17823979.1263642
227,Madrid(NPPD),315-B,1925.82633912,Madrid(NPPD),83888995.331957,14982.8653567069,13643529.2006889
228,Elsie(NPPD),315-B,1687.53578747,Elsie(NPPD),73509058.9021256,13824.5949291499,11952602.1323525
229,Magnet,"317-A-2; 317-00-A",1229.03912028,Magnet,53536944.0794244,12517.0597017862,9146848.46735645
230,Johnson(Auburn),336-A,1070.82553572,Johnson(Auburn),46645160.3361469,9943.46737951157,7485471.60500293
231,Auburn,336-A,2756.30873267,Auburn,120064808.395164,16787.7071619321,19253421.340088
232,Howe(Auburn),336-A,1123.19736452,Howe(Auburn),48926477.1985528,10060.5976003133,7830734.42631412
233,Nemaha(Auburn),336-A,2021.97389838,Nemaha(Auburn),88077183.0134525,13769.8348638897,14104136.5613344
234,Brownville(Auburn),336-A,1755.26201422,Brownville(Auburn),76459213.3394563,14490.3942161329,12265052.0600933
235,NPPD,"70-A; 71-A; 70/71; 72-A; 140-A; 308-05-A-309-05-A; 71-A; 70-A; 69-A; 228-05-A; 255-05-A; 308-A; 308-B; 308-1979-01; 309-1979-1",1424.42535423,NPPD (NE of Morrill),62047968.4303896,13133.2660515019,10447746.0767193
236,Rolling Hills Electric,401,1427.8183178,Rolling Hills Electric,62195765.923405,20936.2147071085,9859758.19310573
237,Rolling Hills Electric,403,479.9253156,Rolling Hills Electric,20905546.7476332,8400.80256208357,3314104.05579545
238,Boys Town,408,1295.58979029,Boys Town,56435891.2651596,15759.9170723406,9292692.40830842
239,Douglas(NE City),333-A,1304.35530716,Douglas(NE City),56817717.1797754,11122.8317919999,9167874.96272085
240,Palmyra(NE City),333-A,1212.97679004,Palmyra(NE City),52837268.9740379,10587.7048006489,8554626.3938814
241,Unadilla(NE City),333-A,1286.35671273,Unadilla(NE City),56033698.4066876,11018.2509947113,9065787.56049208
242,Emerson,"112; 260-A; 260-80-A",379.80106,Emerson,16544134.2330098,7088.93092763539,2810950.35158084
243,Otoe(NE City),333-A,970.99975129,Otoe(NE City),42296749.1660724,9404.10264706719,6851878.91056802
244,Dunbar(NE City),333-A,1264.57086934,Dunbar(NE City),55084707.0683647,10931.0814022619,8908427.85756715
245,Lorton(NE City),333-A,792.90749275,Lorton(NE City),34539050.3843264,8485.85348855076,5573832.91444858
246,Brock(NE City),333-A,1465.71002552,Brock(NE City),63846328.7114623,11944.5185984783,10266938.2656979
247,Julian(NE City),333-A,954.20202875,Julian(NE City),41565040.3721827,9368.57516357905,6692093.9940976
248,Nebraska City,333-A,5435.41482986,Nebraska City,236766669.988597,24708.1904192903,38297457.8042605
249,Lewiston(NPPD),"311-A; 311-1967",1012.18331065,Lewiston(NPPD),44090705.012018,9537.38290435639,7039394.93295989
250,Steinauer(NPPD),311-A,1037.77941038,Steinauer(NPPD),45205671.1163462,9770.97713745705,7209833.63181743
251,Burchard,311-A,1013.76417058,Burchard,44159567.2704385,9556.26559036824,7030825.92483271
252,Pawnee City(NPPD),311-A,5168.30927101,Pawnee City(NPPD),225131551.845116,21777.8257060572,35802884.6704262
253,Table Rock(NPPD),311-A,1870.75023408,Table Rock(NPPD),81489880.1964131,13850.4860040952,12985583.7577999
254,Humboldt(NPPD),311-A,4334.06154734,Humboldt(NPPD),188791721.002239,20177.8670518005,30071224.4639317
255,Du Bois(NPPD),311-A,1275.82403248,Du Bois(NPPD),55574894.8546287,10834.5490155767,8817953.05196231
256,Crab Orchard(NPPD),311-1967,794.95948685,Crab Orchard(NPPD),34628435.2472329,9502.48016651591,5544171.28579499
257,Dawson(NPPD),311-A,1172.80748525,Dawson(NPPD),51087494.0574709,10433.0415863778,8129641.22847925
258,Stella(NPPD),311-A,1119.33566226,Stella(NPPD),48758261.4479197,10329.4755010091,7782034.11383854
259,Shubert,311-A,995.65451367,Shubert,43370710.6156498,9445.34794192204,6923223.67173209
260,Barada(NPPD),311-A,1158.94279967,Barada(NPPD),50483548.3536034,10255.6590602736,8054370.49289974
261,Verdon(NPPD),311-A,936.37198164,Verdon(NPPD),40788363.5201114,9225.87787681529,6493896.60158253
262,NPPD,"68-B-2; 69-A; 72-A; 121-A; 228; 228-05-A; 255-05-A; 285-A; 308-1968; 308-1979-2; 308-1979-3; 309-1979-2; 309-1979-3; 396-1977; 396-397-1968; 397-1979-3; 413; 414; 415; 71-A; SAA-70-SAA-71; 70-A; 69-A; 308-A; 308-B; 308-05-A-309-05-A; 309-B; 340-A-EX-A1",5608.89734431,NPPD (East of Gering),244323568.318236,29525.3306792009,40917022.4169261
263,NPPD,"68-B-2; 69-A; 72-A; 121-A; 228; 228-05-A; 255-05-A; 285-A; 308-1968; 308-1979-2; 308-1979-3; 309-1979-2; 309-1979-3; 396-1977; 396-397-1968; 397-1979-3; 413; 414; 415; 71-A; SAA-70-SAA-71; 70-A; 69-A; 308-A; 308-B; 308-05-A-309-05-A; 309-B; 340-A-EX-A1",50109.73988227,NPPD (NE of Mitchell),2182780269.27152,149787.351702861,368252520.130191
264,Decatur,233,2693.46028176,Decatur,117327129.87349,17826.9375554993,19767950.2141014
265,Reynolds,"192; 362",13970.15036246,Reynolds,608539749.788873,65484.462192322,97086922.320462
266,Bennet (NE City),346,1466.02314038,Bennet (NE City),63859967.9948029,11556.5973664282,10331986.4244356
267,Brandon(NPPD),"48-A; 48-09-A-EXA2; 315-B",641.98189222,Brandon(NPPD),27964731.2249418,8518.08539571504,4540689.90622203
268,Venango(NPPD),"48-A; 48-09-A-EXA1; 315-B; 48-11-A",1333.26004,Venango(NPPD),58076807.5228347,12890.5779675257,9420827.74408403
269,Alma (NPPD),35-80 Alma,3399.5629823,Alma (NPPD),148084963.50896,22192.8036540802,23547899.5785728
270,Loup City (NPPD),380-99,520.85919891,Loup City (NPPD),22688626.7043446,8322.01754405741,3737880.74265714
271,Ashton (NPPD),380-99,413.94299224,Ashton (NPPD),18031356.7421764,6927.13245501406,2967903.67034666
272,Northport,"68-B; 203; 71-A; 70-A; 111-A-EX-A1; 143-A; 308-A; 308-B",2108.22554334,Northport,91834304.6677482,18320.1039893994,15318615.9301769
273,Homer (NPPD),,975303.27215,Homer (NPPD),16350464.8644975,6795.01246226542,2781836.97240836
274,Creighton (NPPD),,772651.26441,Creighton (NPPD),75208751.7654725,14372.2595859919,12852529.1738561
275,Primrose (Loup),"1; 3; 9-1; 9-2; 10; 15; 28; 31-99-A; 34; 252-A-1; 252-A-3; 316-A; 380-1977; 380-99-A; 398; 8; 11; 16; 23; 252-1975; 252-1975-2; 252-1980; 252-1982-EX-A",1388622.05249,Primrose (Loup),63420416.2485218,12766.7618458527,10559926.6159441
276,Craig (NPPD),"96-B-1; 96-96; 34; 61-A; 96-B-2; 96-B-3; 96-00-A; 106-A; 133-A; 316-A; 316-99: 398; 411-EX-A1; 1; 28; 185; 260-A 260-80-A; 316-99-A",2829.89928,Craig (NPPD),7754654.54873631,14332.1871050567,11452201.9144612
277,Oakland (NPPD),"96-B-1; 96-96; 34; 61-A; 96-B-2; 96-B-3; 96-00-A; 106-A; 133-A; 316-A; 316-99: 398; 411-EX-A1; 1; 28; 185; 260-A 260-80-A; 316-99-A",3371.83954,Oakland (NPPD),13050051.5577376,14775.9433356398,13645357.8752527
278,Winnebego (NPPD),316-99,3147.47061,Winnebego (NPPD),2693072.03663149,16437.4370832832,12737368.1600923
279,Scribner (NPPD),"96-B-1; 96-96; 34; 61-A; 96-B-2; 96-B-3; 96-00-A; 106-A; 133-A; 316-A; 316-99: 398; 411-EX-A1; 1; 28; 185; 260-A 260-80-A; 316-99-A",662175.91402015,Scribner (NPPD),16208066.1668128,6520.1281708819,2702273.85222757
280,McLean,411 (307-A),975303.27215,McLean,2955046.61923669,2854.19328943145,503764.575311581
281,Foster (Pierce),SAA 267-12,87.61029,Foster (Pierce),3816304.41817694,3434.81509162544,648320.795516331
282,Long Pine (NPPD),"80-B-2; 224-A-EX-A1; 224-A-EX-A2; 225; 238-A; 238-1982; 389-A; 169-A-1; 169-A-2; 36",3146925.01491,Long Pine (NPPD),94614035.9414615,16933.7511223682,16203447.9689548
283,Bloomfield (NPPD),317,738361.12164143,Bloomfield (NPPD),100668952.064538,16649.4655208117,17274843.2352377
284,Tilden (NPPD),390,1052202.65629392,Tilden (NPPD),85594537.3423613,15397.6372016987,14437984.3049464
285,Oakdale (NPPD),390,1052202.65629392,Oakdale (NPPD),76981211.59859,15100.6182213576,12995279.586074
286,Meadow Grove (NPPD),390,1052202.65629392,Meadow Grove (NPPD),56697990.7485016,12384.214002369,9559414.89513321
287,Minatare (NPPD),228,601189.7560884,Minatare (NPPD),314904593.314745,63222.5488669823,52755365.8547012
288,Melbeta (NPPD),228,601189.7560884,Melbeta (NPPD),134623640.621743,25006.4874317295,22514185.7988788
289,McGrew (NPPD),228,601189.7560884,McGrew (NPPD),420596205.303841,61038.8071863717,70291585.8655887
290,St Mary (NPPD),311,2867012.44901198,St Mary (NPPD),49967142.6975406,10317.4162404139,8021679.87776005
291,Murray (NPPD),311,2867012.44901198,Murray (NPPD),57254857.2830008,11083.757601827,9329052.57023154
292,Nehawka(NPPD),311,2867012.44901198,Nehawka(NPPD),74561120.3010901,12877.5086200915,12117695.8798493
293,Union (NPPD),311,2867012.44901198,Union (NPPD),47158464.4092138,10157.3806428379,7660447.21178136
294,Marsland(NPPD),"120-A; 49-A; 121-A",2267.74911,Marsland(NPPD),395158862.010293,22473.9326901814,16864166.2597887
295,Norris PPD,"31-99-A; 206-A; 337-1; 337-2; 339-1973; 339-99-A; 347; 351-A; 357-A; 358-A; 346",3920913.45307,Norris PPD,82942379238.8768,1359219.75599898,15867382101.5859
